<?xml version="1.0"?>
<GCC_XML cvs_revision="1.114">
  <Namespace id="_1" name="::" members="_4 _6 _7 _8 _9 _10 _11 _12 _13 _14 _15 _16 _17 _18 _19 _20 _21 _22 _23 _24 _25 _26 _27 _28 _29 _30 _31 _32 _33 _34 _35 _36 _37 _38 _39 _40 _41 _42 _43 _44 _45 _46 _47 _48 _49 _50 _51 _52 _53 _54 _55 _56 _57 _58 _59 _60 _61 _62 _63 _64 _65 _66 _67 _68 _69 _70 _71 _72 _73 _74 _75 _76 _77 _78 _79 _80 _81 _82 _83 _84 _85 _86 _87 _88 _89 _90 _91 _92 _93 _94 _95 _96 _97 _98 _99 _100 _101 _102 _103 _104 _105 _106 _107 _108 _109 _110 _111 _112 _113 _114 _115 _116 _117 _118 _119 _120 _121 _122 _123 _124 _125 _126 " mangled="_Z2::" demangled="::"/>
  <Namespace id="_2" name="std" context="_1" members="" mangled="_Z3std" demangled="std"/>
  <PointerType id="_3" type="_127" size="32" align="32"/>
  <Typedef id="_4" name="mvar_ptr_t" type="_3" context="_1" location="f0:13" file="f0" line="13"/>
  <PointerType id="_5" type="_128" size="32" align="32"/>
  <Typedef id="_6" name="mfun_ptr_t" type="_5" context="_1" location="f0:11" file="f0" line="11"/>
  <Struct id="_7" name="xyz_t" context="_1" mangled="5xyz_t" demangled="xyz_t" location="f0:6" file="f0" line="6" artificial="1" size="32" align="32" members="_129 _130 _131 _132 " bases=""/>
  <Function id="_8" name="__builtin_cpowl" returns="_133" context="_1" location="f1:131" file="f1" line="131" extern="1">
    <Argument type="_133" location="f1:131" file="f1" line="131"/>
    <Argument type="_133" location="f1:131" file="f1" line="131"/>
  </Function>
  <Function id="_9" name="__builtin_cpow" returns="_134" context="_1" location="f1:130" file="f1" line="130" extern="1">
    <Argument type="_134" location="f1:130" file="f1" line="130"/>
    <Argument type="_134" location="f1:130" file="f1" line="130"/>
  </Function>
  <Function id="_10" name="__builtin_cpowf" returns="_135" context="_1" location="f1:129" file="f1" line="129" extern="1">
    <Argument type="_135" location="f1:129" file="f1" line="129"/>
    <Argument type="_135" location="f1:129" file="f1" line="129"/>
  </Function>
  <Function id="_11" name="__builtin_ctanhl" returns="_133" context="_1" location="f1:128" file="f1" line="128" extern="1">
    <Argument type="_133" location="f1:128" file="f1" line="128"/>
  </Function>
  <Function id="_12" name="__builtin_ctanh" returns="_134" context="_1" location="f1:127" file="f1" line="127" extern="1">
    <Argument type="_134" location="f1:127" file="f1" line="127"/>
  </Function>
  <Function id="_13" name="__builtin_ctanhf" returns="_135" context="_1" location="f1:126" file="f1" line="126" extern="1">
    <Argument type="_135" location="f1:126" file="f1" line="126"/>
  </Function>
  <Function id="_14" name="__builtin_ctanl" returns="_133" context="_1" location="f1:125" file="f1" line="125" extern="1">
    <Argument type="_133" location="f1:125" file="f1" line="125"/>
  </Function>
  <Function id="_15" name="__builtin_ctan" returns="_134" context="_1" location="f1:124" file="f1" line="124" extern="1">
    <Argument type="_134" location="f1:124" file="f1" line="124"/>
  </Function>
  <Function id="_16" name="__builtin_ctanf" returns="_135" context="_1" location="f1:123" file="f1" line="123" extern="1">
    <Argument type="_135" location="f1:123" file="f1" line="123"/>
  </Function>
  <Function id="_17" name="__builtin_csqrtl" returns="_133" context="_1" location="f1:122" file="f1" line="122" extern="1">
    <Argument type="_133" location="f1:122" file="f1" line="122"/>
  </Function>
  <Function id="_18" name="__builtin_csqrt" returns="_134" context="_1" location="f1:121" file="f1" line="121" extern="1">
    <Argument type="_134" location="f1:121" file="f1" line="121"/>
  </Function>
  <Function id="_19" name="__builtin_csqrtf" returns="_135" context="_1" location="f1:120" file="f1" line="120" extern="1">
    <Argument type="_135" location="f1:120" file="f1" line="120"/>
  </Function>
  <Function id="_20" name="__builtin_csinhl" returns="_133" context="_1" location="f1:119" file="f1" line="119" extern="1">
    <Argument type="_133" location="f1:119" file="f1" line="119"/>
  </Function>
  <Function id="_21" name="__builtin_csinh" returns="_134" context="_1" location="f1:118" file="f1" line="118" extern="1">
    <Argument type="_134" location="f1:118" file="f1" line="118"/>
  </Function>
  <Function id="_22" name="__builtin_csinhf" returns="_135" context="_1" location="f1:117" file="f1" line="117" extern="1">
    <Argument type="_135" location="f1:117" file="f1" line="117"/>
  </Function>
  <Function id="_23" name="__builtin_csinl" returns="_133" context="_1" location="f1:116" file="f1" line="116" extern="1">
    <Argument type="_133" location="f1:116" file="f1" line="116"/>
  </Function>
  <Function id="_24" name="__builtin_csin" returns="_134" context="_1" location="f1:115" file="f1" line="115" extern="1">
    <Argument type="_134" location="f1:115" file="f1" line="115"/>
  </Function>
  <Function id="_25" name="__builtin_csinf" returns="_135" context="_1" location="f1:114" file="f1" line="114" extern="1">
    <Argument type="_135" location="f1:114" file="f1" line="114"/>
  </Function>
  <Function id="_26" name="__builtin_clogl" returns="_133" context="_1" location="f1:113" file="f1" line="113" extern="1">
    <Argument type="_133" location="f1:113" file="f1" line="113"/>
  </Function>
  <Function id="_27" name="__builtin_clog" returns="_134" context="_1" location="f1:112" file="f1" line="112" extern="1">
    <Argument type="_134" location="f1:112" file="f1" line="112"/>
  </Function>
  <Function id="_28" name="__builtin_clogf" returns="_135" context="_1" location="f1:111" file="f1" line="111" extern="1">
    <Argument type="_135" location="f1:111" file="f1" line="111"/>
  </Function>
  <Function id="_29" name="__builtin_cexpl" returns="_133" context="_1" location="f1:110" file="f1" line="110" extern="1">
    <Argument type="_133" location="f1:110" file="f1" line="110"/>
  </Function>
  <Function id="_30" name="__builtin_cexp" returns="_134" context="_1" location="f1:109" file="f1" line="109" extern="1">
    <Argument type="_134" location="f1:109" file="f1" line="109"/>
  </Function>
  <Function id="_31" name="__builtin_cexpf" returns="_135" context="_1" location="f1:108" file="f1" line="108" extern="1">
    <Argument type="_135" location="f1:108" file="f1" line="108"/>
  </Function>
  <Function id="_32" name="__builtin_ccoshl" returns="_133" context="_1" location="f1:107" file="f1" line="107" extern="1">
    <Argument type="_133" location="f1:107" file="f1" line="107"/>
  </Function>
  <Function id="_33" name="__builtin_ccosh" returns="_134" context="_1" location="f1:106" file="f1" line="106" extern="1">
    <Argument type="_134" location="f1:106" file="f1" line="106"/>
  </Function>
  <Function id="_34" name="__builtin_ccoshf" returns="_135" context="_1" location="f1:105" file="f1" line="105" extern="1">
    <Argument type="_135" location="f1:105" file="f1" line="105"/>
  </Function>
  <Function id="_35" name="__builtin_ccosl" returns="_133" context="_1" location="f1:104" file="f1" line="104" extern="1">
    <Argument type="_133" location="f1:104" file="f1" line="104"/>
  </Function>
  <Function id="_36" name="__builtin_ccos" returns="_134" context="_1" location="f1:103" file="f1" line="103" extern="1">
    <Argument type="_134" location="f1:103" file="f1" line="103"/>
  </Function>
  <Function id="_37" name="__builtin_ccosf" returns="_135" context="_1" location="f1:102" file="f1" line="102" extern="1">
    <Argument type="_135" location="f1:102" file="f1" line="102"/>
  </Function>
  <Function id="_38" name="__builtin_popcountll" returns="_136" context="_1" location="f1:101" file="f1" line="101" extern="1">
    <Argument type="_137" location="f1:101" file="f1" line="101"/>
  </Function>
  <Function id="_39" name="__builtin_popcountl" returns="_136" context="_1" location="f1:100" file="f1" line="100" extern="1">
    <Argument type="_138" location="f1:100" file="f1" line="100"/>
  </Function>
  <Function id="_40" name="__builtin_popcount" returns="_136" context="_1" location="f1:99" file="f1" line="99" extern="1">
    <Argument type="_136" location="f1:99" file="f1" line="99"/>
  </Function>
  <Function id="_41" name="__builtin_ctzll" returns="_136" context="_1" location="f1:98" file="f1" line="98" extern="1">
    <Argument type="_137" location="f1:98" file="f1" line="98"/>
  </Function>
  <Function id="_42" name="__builtin_ctzl" returns="_136" context="_1" location="f1:97" file="f1" line="97" extern="1">
    <Argument type="_138" location="f1:97" file="f1" line="97"/>
  </Function>
  <Function id="_43" name="__builtin_ctz" returns="_136" context="_1" location="f1:96" file="f1" line="96" extern="1">
    <Argument type="_136" location="f1:96" file="f1" line="96"/>
  </Function>
  <Function id="_44" name="__builtin_cargl" returns="_139" context="_1" location="f1:95" file="f1" line="95" extern="1">
    <Argument type="_133" location="f1:95" file="f1" line="95"/>
  </Function>
  <Function id="_45" name="__builtin_carg" returns="_140" context="_1" location="f1:94" file="f1" line="94" extern="1">
    <Argument type="_134" location="f1:94" file="f1" line="94"/>
  </Function>
  <Function id="_46" name="__builtin_cargf" returns="_141" context="_1" location="f1:93" file="f1" line="93" extern="1">
    <Argument type="_135" location="f1:93" file="f1" line="93"/>
  </Function>
  <Function id="_47" name="__builtin_cabsl" returns="_139" context="_1" location="f1:92" file="f1" line="92" extern="1">
    <Argument type="_133" location="f1:92" file="f1" line="92"/>
  </Function>
  <Function id="_48" name="__builtin_cabs" returns="_140" context="_1" location="f1:91" file="f1" line="91" extern="1">
    <Argument type="_134" location="f1:91" file="f1" line="91"/>
  </Function>
  <Function id="_49" name="__builtin_cabsf" returns="_141" context="_1" location="f1:90" file="f1" line="90" extern="1">
    <Argument type="_135" location="f1:90" file="f1" line="90"/>
  </Function>
  <Function id="_50" name="__builtin_tanl" returns="_139" context="_1" location="f1:89" file="f1" line="89" extern="1">
    <Argument type="_139" location="f1:89" file="f1" line="89"/>
  </Function>
  <Function id="_51" name="__builtin_tanhl" returns="_139" context="_1" location="f1:88" file="f1" line="88" extern="1">
    <Argument type="_139" location="f1:88" file="f1" line="88"/>
  </Function>
  <Function id="_52" name="__builtin_tanhf" returns="_141" context="_1" location="f1:87" file="f1" line="87" extern="1">
    <Argument type="_141" location="f1:87" file="f1" line="87"/>
  </Function>
  <Function id="_53" name="__builtin_tanh" returns="_140" context="_1" location="f1:86" file="f1" line="86" extern="1">
    <Argument type="_140" location="f1:86" file="f1" line="86"/>
  </Function>
  <Function id="_54" name="__builtin_tanf" returns="_141" context="_1" location="f1:85" file="f1" line="85" extern="1">
    <Argument type="_141" location="f1:85" file="f1" line="85"/>
  </Function>
  <Function id="_55" name="__builtin_tan" returns="_140" context="_1" location="f1:84" file="f1" line="84" extern="1">
    <Argument type="_140" location="f1:84" file="f1" line="84"/>
  </Function>
  <Function id="_56" name="__builtin_sinhl" returns="_139" context="_1" location="f1:79" file="f1" line="79" extern="1">
    <Argument type="_139" location="f1:79" file="f1" line="79"/>
  </Function>
  <Function id="_57" name="__builtin_sinhf" returns="_141" context="_1" location="f1:78" file="f1" line="78" extern="1">
    <Argument type="_141" location="f1:78" file="f1" line="78"/>
  </Function>
  <Function id="_58" name="__builtin_sinh" returns="_140" context="_1" location="f1:77" file="f1" line="77" extern="1">
    <Argument type="_140" location="f1:77" file="f1" line="77"/>
  </Function>
  <Function id="_59" name="__builtin_powil" returns="_139" context="_1" location="f1:74" file="f1" line="74" extern="1">
    <Argument type="_139" location="f1:74" file="f1" line="74"/>
    <Argument type="_136" location="f1:74" file="f1" line="74"/>
  </Function>
  <Function id="_60" name="__builtin_powif" returns="_141" context="_1" location="f1:73" file="f1" line="73" extern="1">
    <Argument type="_141" location="f1:73" file="f1" line="73"/>
    <Argument type="_136" location="f1:73" file="f1" line="73"/>
  </Function>
  <Function id="_61" name="__builtin_powi" returns="_140" context="_1" location="f1:72" file="f1" line="72" extern="1">
    <Argument type="_140" location="f1:72" file="f1" line="72"/>
    <Argument type="_136" location="f1:72" file="f1" line="72"/>
  </Function>
  <Function id="_62" name="__builtin_powl" returns="_139" context="_1" location="f1:71" file="f1" line="71" extern="1">
    <Argument type="_139" location="f1:71" file="f1" line="71"/>
    <Argument type="_139" location="f1:71" file="f1" line="71"/>
  </Function>
  <Function id="_63" name="__builtin_powf" returns="_141" context="_1" location="f1:70" file="f1" line="70" extern="1">
    <Argument type="_141" location="f1:70" file="f1" line="70"/>
    <Argument type="_141" location="f1:70" file="f1" line="70"/>
  </Function>
  <Function id="_64" name="__builtin_modfl" returns="_139" context="_1" location="f1:69" file="f1" line="69" extern="1">
    <Argument type="_139" location="f1:69" file="f1" line="69"/>
    <Argument type="_142" location="f1:69" file="f1" line="69"/>
  </Function>
  <Function id="_65" name="__builtin_modff" returns="_141" context="_1" location="f1:68" file="f1" line="68" extern="1">
    <Argument type="_141" location="f1:68" file="f1" line="68"/>
    <Argument type="_143" location="f1:68" file="f1" line="68"/>
  </Function>
  <Function id="_66" name="__builtin_log10l" returns="_139" context="_1" location="f1:65" file="f1" line="65" extern="1">
    <Argument type="_139" location="f1:65" file="f1" line="65"/>
  </Function>
  <Function id="_67" name="__builtin_log10f" returns="_141" context="_1" location="f1:64" file="f1" line="64" extern="1">
    <Argument type="_141" location="f1:64" file="f1" line="64"/>
  </Function>
  <Function id="_68" name="__builtin_log10" returns="_140" context="_1" location="f1:63" file="f1" line="63" extern="1">
    <Argument type="_140" location="f1:63" file="f1" line="63"/>
  </Function>
  <Function id="_69" name="__builtin_ldexpl" returns="_139" context="_1" location="f1:61" file="f1" line="61" extern="1">
    <Argument type="_139" location="f1:61" file="f1" line="61"/>
    <Argument type="_136" location="f1:61" file="f1" line="61"/>
  </Function>
  <Function id="_70" name="__builtin_ldexpf" returns="_141" context="_1" location="f1:60" file="f1" line="60" extern="1">
    <Argument type="_141" location="f1:60" file="f1" line="60"/>
    <Argument type="_136" location="f1:60" file="f1" line="60"/>
  </Function>
  <Function id="_71" name="__builtin_ldexp" returns="_140" context="_1" location="f1:59" file="f1" line="59" extern="1">
    <Argument type="_140" location="f1:59" file="f1" line="59"/>
    <Argument type="_136" location="f1:59" file="f1" line="59"/>
  </Function>
  <Function id="_72" name="__builtin_frexpl" returns="_139" context="_1" location="f1:58" file="f1" line="58" extern="1">
    <Argument type="_139" location="f1:58" file="f1" line="58"/>
    <Argument type="_144" location="f1:58" file="f1" line="58"/>
  </Function>
  <Function id="_73" name="__builtin_frexpf" returns="_141" context="_1" location="f1:57" file="f1" line="57" extern="1">
    <Argument type="_141" location="f1:57" file="f1" line="57"/>
    <Argument type="_144" location="f1:57" file="f1" line="57"/>
  </Function>
  <Function id="_74" name="__builtin_frexp" returns="_140" context="_1" location="f1:56" file="f1" line="56" extern="1">
    <Argument type="_140" location="f1:56" file="f1" line="56"/>
    <Argument type="_144" location="f1:56" file="f1" line="56"/>
  </Function>
  <Function id="_75" name="__builtin_fmodl" returns="_139" context="_1" location="f1:55" file="f1" line="55" extern="1">
    <Argument type="_139" location="f1:55" file="f1" line="55"/>
    <Argument type="_139" location="f1:55" file="f1" line="55"/>
  </Function>
  <Function id="_76" name="__builtin_fmodf" returns="_141" context="_1" location="f1:54" file="f1" line="54" extern="1">
    <Argument type="_141" location="f1:54" file="f1" line="54"/>
    <Argument type="_141" location="f1:54" file="f1" line="54"/>
  </Function>
  <Function id="_77" name="__builtin_floorl" returns="_139" context="_1" location="f1:53" file="f1" line="53" extern="1">
    <Argument type="_139" location="f1:53" file="f1" line="53"/>
  </Function>
  <Function id="_78" name="__builtin_floorf" returns="_141" context="_1" location="f1:52" file="f1" line="52" extern="1">
    <Argument type="_141" location="f1:52" file="f1" line="52"/>
  </Function>
  <Function id="_79" name="__builtin_floor" returns="_140" context="_1" location="f1:51" file="f1" line="51" extern="1">
    <Argument type="_140" location="f1:51" file="f1" line="51"/>
  </Function>
  <Function id="_80" name="__builtin_coshl" returns="_139" context="_1" location="f1:43" file="f1" line="43" extern="1">
    <Argument type="_139" location="f1:43" file="f1" line="43"/>
  </Function>
  <Function id="_81" name="__builtin_coshf" returns="_141" context="_1" location="f1:42" file="f1" line="42" extern="1">
    <Argument type="_141" location="f1:42" file="f1" line="42"/>
  </Function>
  <Function id="_82" name="__builtin_cosh" returns="_140" context="_1" location="f1:41" file="f1" line="41" extern="1">
    <Argument type="_140" location="f1:41" file="f1" line="41"/>
  </Function>
  <Function id="_83" name="__builtin_ceill" returns="_139" context="_1" location="f1:38" file="f1" line="38" extern="1">
    <Argument type="_139" location="f1:38" file="f1" line="38"/>
  </Function>
  <Function id="_84" name="__builtin_ceilf" returns="_141" context="_1" location="f1:37" file="f1" line="37" extern="1">
    <Argument type="_141" location="f1:37" file="f1" line="37"/>
  </Function>
  <Function id="_85" name="__builtin_ceil" returns="_140" context="_1" location="f1:36" file="f1" line="36" extern="1">
    <Argument type="_140" location="f1:36" file="f1" line="36"/>
  </Function>
  <Function id="_86" name="__builtin_atanl" returns="_139" context="_1" location="f1:35" file="f1" line="35" extern="1">
    <Argument type="_139" location="f1:35" file="f1" line="35"/>
  </Function>
  <Function id="_87" name="__builtin_atanf" returns="_141" context="_1" location="f1:34" file="f1" line="34" extern="1">
    <Argument type="_141" location="f1:34" file="f1" line="34"/>
  </Function>
  <Function id="_88" name="__builtin_atan2l" returns="_139" context="_1" location="f1:33" file="f1" line="33" extern="1">
    <Argument type="_139" location="f1:33" file="f1" line="33"/>
    <Argument type="_139" location="f1:33" file="f1" line="33"/>
  </Function>
  <Function id="_89" name="__builtin_atan2f" returns="_141" context="_1" location="f1:32" file="f1" line="32" extern="1">
    <Argument type="_141" location="f1:32" file="f1" line="32"/>
    <Argument type="_141" location="f1:32" file="f1" line="32"/>
  </Function>
  <Function id="_90" name="__builtin_atan2" returns="_140" context="_1" location="f1:31" file="f1" line="31" extern="1">
    <Argument type="_140" location="f1:31" file="f1" line="31"/>
    <Argument type="_140" location="f1:31" file="f1" line="31"/>
  </Function>
  <Function id="_91" name="__builtin_atan" returns="_140" context="_1" location="f1:30" file="f1" line="30" extern="1">
    <Argument type="_140" location="f1:30" file="f1" line="30"/>
  </Function>
  <Function id="_92" name="__builtin_asinl" returns="_139" context="_1" location="f1:29" file="f1" line="29" extern="1">
    <Argument type="_139" location="f1:29" file="f1" line="29"/>
  </Function>
  <Function id="_93" name="__builtin_asinf" returns="_141" context="_1" location="f1:28" file="f1" line="28" extern="1">
    <Argument type="_141" location="f1:28" file="f1" line="28"/>
  </Function>
  <Function id="_94" name="__builtin_asin" returns="_140" context="_1" location="f1:27" file="f1" line="27" extern="1">
    <Argument type="_140" location="f1:27" file="f1" line="27"/>
  </Function>
  <Function id="_95" name="__builtin_acosl" returns="_139" context="_1" location="f1:26" file="f1" line="26" extern="1">
    <Argument type="_139" location="f1:26" file="f1" line="26"/>
  </Function>
  <Function id="_96" name="__builtin_acosf" returns="_141" context="_1" location="f1:25" file="f1" line="25" extern="1">
    <Argument type="_141" location="f1:25" file="f1" line="25"/>
  </Function>
  <Function id="_97" name="__builtin_acos" returns="_140" context="_1" location="f1:24" file="f1" line="24" extern="1">
    <Argument type="_140" location="f1:24" file="f1" line="24"/>
  </Function>
  <Function id="_98" name="__builtin_expect" returns="_138" context="_1" location="f1:16" file="f1" line="16" extern="1">
    <Argument name="EXP" type="_138" location="f1:16" file="f1" line="16"/>
    <Argument name="C" type="_138" location="f1:16" file="f1" line="16"/>
  </Function>
  <Function id="_99" name="__builtin_prefetch" returns="_145" context="_1" location="f1:17" file="f1" line="17" extern="1">
    <Argument name="ADDR" type="_146" location="f1:17" file="f1" line="17"/>
    <Ellipsis/>
  </Function>
  <Function id="_100" name="__builtin_return" returns="_145" context="_1" location="f1:13" file="f1" line="13" extern="1" attributes="nothrow noreturn">
    <Argument name="RESULT" type="_147" location="f1:13" file="f1" line="13"/>
  </Function>
  <Function id="_101" name="__builtin_return_address" returns="_147" context="_1" location="f1:14" file="f1" line="14" extern="1">
    <Argument name="LEVEL" type="_148" location="f1:14" file="f1" line="14"/>
  </Function>
  <Function id="_102" name="__builtin_frame_address" returns="_147" context="_1" location="f1:15" file="f1" line="15" extern="1">
    <Argument name="LEVEL" type="_148" location="f1:15" file="f1" line="15"/>
  </Function>
  <Function id="_103" name="__builtin_nansl" returns="_139" context="_1" mangled="nansl" demangled="__int128" location="f1:23" file="f1" line="23" extern="1" attributes="nothrow const">
    <Argument name="str" type="_149" location="f1:23" file="f1" line="23"/>
  </Function>
  <Function id="_104" name="__builtin_nansf" returns="_141" context="_1" mangled="nansf" demangled="__int128" location="f1:22" file="f1" line="22" extern="1" attributes="nothrow const">
    <Argument name="str" type="_149" location="f1:22" file="f1" line="22"/>
  </Function>
  <Function id="_105" name="__builtin_nans" returns="_140" context="_1" mangled="nans" demangled="__int128" location="f1:21" file="f1" line="21" extern="1" attributes="nothrow const">
    <Argument name="str" type="_149" location="f1:21" file="f1" line="21"/>
  </Function>
  <Function id="_106" name="__builtin_infl" returns="_139" context="_1" location="f1:20" file="f1" line="20" extern="1" attributes="nothrow const"/>
  <Function id="_107" name="__builtin_inff" returns="_141" context="_1" location="f1:19" file="f1" line="19" extern="1" attributes="nothrow const"/>
  <Function id="_108" name="__builtin_inf" returns="_140" context="_1" location="f1:18" file="f1" line="18" extern="1" attributes="nothrow const"/>
  <Function id="_109" name="__builtin_logl" returns="_139" context="_1" mangled="logl" demangled="long" location="f1:67" file="f1" line="67" extern="1" attributes="nothrow">
    <Argument type="_139" location="f1:67" file="f1" line="67"/>
  </Function>
  <Function id="_110" name="__builtin_expl" returns="_139" context="_1" mangled="expl" demangled="long double" location="f1:47" file="f1" line="47" extern="1" attributes="nothrow">
    <Argument type="_139" location="f1:47" file="f1" line="47"/>
  </Function>
  <Function id="_111" name="__builtin_cosl" returns="_139" context="_1" mangled="cosl" demangled="char" location="f1:44" file="f1" line="44" extern="1" attributes="nothrow pure">
    <Argument type="_139" location="f1:44" file="f1" line="44"/>
  </Function>
  <Function id="_112" name="__builtin_sinl" returns="_139" context="_1" mangled="sinl" demangled="short" location="f1:80" file="f1" line="80" extern="1" attributes="nothrow pure">
    <Argument type="_139" location="f1:80" file="f1" line="80"/>
  </Function>
  <Function id="_113" name="__builtin_sqrtl" returns="_139" context="_1" mangled="sqrtl" demangled="short" location="f1:83" file="f1" line="83" extern="1" attributes="nothrow">
    <Argument type="_139" location="f1:83" file="f1" line="83"/>
  </Function>
  <Function id="_114" name="__builtin_logf" returns="_141" context="_1" mangled="logf" demangled="long" location="f1:66" file="f1" line="66" extern="1" attributes="nothrow">
    <Argument type="_141" location="f1:66" file="f1" line="66"/>
  </Function>
  <Function id="_115" name="__builtin_expf" returns="_141" context="_1" mangled="expf" demangled="long double" location="f1:46" file="f1" line="46" extern="1" attributes="nothrow">
    <Argument type="_141" location="f1:46" file="f1" line="46"/>
  </Function>
  <Function id="_116" name="__builtin_cosf" returns="_141" context="_1" mangled="cosf" demangled="char" location="f1:40" file="f1" line="40" extern="1" attributes="nothrow pure">
    <Argument type="_141" location="f1:40" file="f1" line="40"/>
  </Function>
  <Function id="_117" name="__builtin_sinf" returns="_141" context="_1" mangled="sinf" demangled="short" location="f1:76" file="f1" line="76" extern="1" attributes="nothrow pure">
    <Argument type="_141" location="f1:76" file="f1" line="76"/>
  </Function>
  <Function id="_118" name="__builtin_sqrtf" returns="_141" context="_1" mangled="sqrtf" demangled="short" location="f1:82" file="f1" line="82" extern="1" attributes="nothrow">
    <Argument type="_141" location="f1:82" file="f1" line="82"/>
  </Function>
  <Function id="_119" name="__builtin_log" returns="_140" context="_1" mangled="log" demangled="long" location="f1:62" file="f1" line="62" extern="1" attributes="nothrow">
    <Argument type="_140" location="f1:62" file="f1" line="62"/>
  </Function>
  <Function id="_120" name="__builtin_exp" returns="_140" context="_1" mangled="exp" demangled="long double" location="f1:45" file="f1" line="45" extern="1" attributes="nothrow">
    <Argument type="_140" location="f1:45" file="f1" line="45"/>
  </Function>
  <Function id="_121" name="__builtin_cos" returns="_140" context="_1" mangled="cos" demangled="char" location="f1:39" file="f1" line="39" extern="1" attributes="nothrow pure">
    <Argument type="_140" location="f1:39" file="f1" line="39"/>
  </Function>
  <Function id="_122" name="__builtin_sin" returns="_140" context="_1" mangled="sin" demangled="short" location="f1:75" file="f1" line="75" extern="1" attributes="nothrow pure">
    <Argument type="_140" location="f1:75" file="f1" line="75"/>
  </Function>
  <Function id="_123" name="__builtin_sqrt" returns="_140" context="_1" mangled="sqrt" demangled="short" location="f1:81" file="f1" line="81" extern="1" attributes="nothrow">
    <Argument type="_140" location="f1:81" file="f1" line="81"/>
  </Function>
  <Function id="_124" name="__builtin_fabsl" returns="_139" context="_1" location="f1:50" file="f1" line="50" extern="1" attributes="nothrow const">
    <Argument type="_139" location="f1:50" file="f1" line="50"/>
  </Function>
  <Function id="_125" name="__builtin_fabsf" returns="_141" context="_1" location="f1:49" file="f1" line="49" extern="1" attributes="nothrow const">
    <Argument type="_141" location="f1:49" file="f1" line="49"/>
  </Function>
  <Function id="_126" name="__builtin_fabs" returns="_140" context="_1" location="f1:48" file="f1" line="48" extern="1" attributes="nothrow const">
    <Argument type="_140" location="f1:48" file="f1" line="48"/>
  </Function>
  <Field id="_129" name="m_some_member" type="_136" offset="0" context="_7" access="public" mangled="_ZN5xyz_t13m_some_memberE" demangled="xyz_t::m_some_member" location="f0:8" file="f0" line="8"/>
  <Constructor id="_130" name="xyz_t" artificial="1" throw="" context="_7" access="public" mangled="_ZN5xyz_tC1ERKS_ *INTERNAL* " demangled="xyz_t::xyz_t(xyz_t const&amp;)" location="f0:6" file="f0" line="6" inline="1">
    <Argument name="_ctor_arg" type="_150" location="f0:6" file="f0" line="6"/>
  </Constructor>
  <Constructor id="_131" name="xyz_t" explicit="1" artificial="1" throw="" context="_7" access="public" mangled="_ZN5xyz_tC1Ev *INTERNAL* " demangled="xyz_t::xyz_t()" location="f0:6" file="f0" line="6" inline="1"/>
  <Method id="_132" name="do_smth" returns="_136" context="_7" access="public" mangled="_ZN5xyz_t7do_smthEd" demangled="xyz_t::do_smth(double)" location="f0:7" file="f0" line="7" extern="1">
    <Argument type="_140" location="f0:7" file="f0" line="7"/>
  </Method>
  <FundamentalType id="_133" name="complex long double" size="192" align="32"/>
  <FundamentalType id="_134" name="complex double" size="128" align="64"/>
  <FundamentalType id="_135" name="complex float" size="64" align="32"/>
  <FundamentalType id="_136" name="int" size="32" align="32"/>
  <FundamentalType id="_137" name="long long int" size="64" align="64"/>
  <FundamentalType id="_138" name="long int" size="32" align="32"/>
  <FundamentalType id="_139" name="long double" size="96" align="32"/>
  <FundamentalType id="_140" name="double" size="64" align="64"/>
  <FundamentalType id="_141" name="float" size="32" align="32"/>
  <PointerType id="_142" type="_139" size="32" align="32"/>
  <PointerType id="_143" type="_141" size="32" align="32"/>
  <PointerType id="_144" type="_136" size="32" align="32"/>
  <FundamentalType id="_145" name="void" align="8"/>
  <PointerType id="_146" type="_145c" size="32" align="32"/>
  <PointerType id="_147" type="_145" size="32" align="32"/>
  <FundamentalType id="_148" name="unsigned int" size="32" align="32"/>
  <PointerType id="_149" type="_152c" size="32" align="32"/>
  <ReferenceType id="_150" type="_7c" size="32" align="32"/>
  <FundamentalType id="_152" name="char" size="8" align="8"/>
  <CvQualifiedType id="_152c" type="_152" const="1"/>
  <CvQualifiedType id="_145c" type="_145" const="1"/>
  <MethodType id="_128" basetype="_7" returns="_136">
    <Argument type="_140"/>
  </MethodType>
  <CvQualifiedType id="_7c" type="_7" const="1"/>
  <OffsetType id="_127" basetype="_7" type="_136" size="32" align="32"/>
  <File id="f0" name="offset.h"/>
  <File id="f1" name="/home/roman/gccxml/share/gccxml-0.7/GCC/4.1/gccxml_builtins.h"/>
</GCC_XML>
